{"cameraMode":{"drawMode":0,"name":"Shaded","section":"Shading Mode"},"sceneLighting":true,"audioPlay":false,"sceneViewState":{"showFog":false,"showMaterialUpdate":false,"showSkybox":false,"showFlares":false,"showImageEffects":false,"showParticleSystems":false},"in2DMode":false,"pivot":{"x":-23.48300552368164,"y":1.3421446084976197,"z":62.20785140991211},"rotation":{"x":-0.013643274083733559,"y":0.15446151793003083,"z":-0.002133327769115567,"w":-0.9879031777381897},"size":103.62105560302735,"orthographic":false}