{"cameraMode":{"drawMode":0,"name":"Shaded","section":"Shading Mode"},"sceneLighting":false,"audioPlay":false,"sceneViewState":{"showFog":true,"showMaterialUpdate":false,"showSkybox":false,"showFlares":true,"showImageEffects":true,"showParticleSystems":true},"in2DMode":false,"pivot":{"x":1.331058144569397,"y":2.5668680667877199,"z":-1.4434832334518433},"rotation":{"x":0.008689762093126774,"y":0.014096577651798725,"z":0.00012191826681373641,"w":-0.9998692870140076},"size":3.5551233291625978,"orthographic":false}