{"cameraMode":{"drawMode":0,"name":"Shaded","section":"Shading Mode"},"sceneLighting":false,"audioPlay":false,"sceneViewState":{"showFog":false,"showMaterialUpdate":false,"showSkybox":false,"showFlares":false,"showImageEffects":false,"showParticleSystems":false},"in2DMode":false,"pivot":{"x":571.3642578125,"y":208.6599884033203,"z":0.0},"rotation":{"x":-0.03929879143834114,"y":0.008090957067906857,"z":-0.00032428986742161214,"w":-0.9992109537124634},"size":2027.3848876953125,"orthographic":false}