{"cameraMode":{"drawMode":0,"name":"Shaded","section":"Shading Mode"},"sceneLighting":false,"audioPlay":false,"sceneViewState":{"showFog":false,"showMaterialUpdate":false,"showSkybox":false,"showFlares":false,"showImageEffects":false,"showParticleSystems":false},"in2DMode":false,"pivot":{"x":-2.025463581085205,"y":1.7006146907806397,"z":1.2495484352111817},"rotation":{"x":0.17271216213703156,"y":0.034562163054943088,"z":0.006064573768526316,"w":-0.9843488931655884},"size":3.8332390785217287,"orthographic":false}