{"cameraMode":{"drawMode":0,"name":"Shaded","section":"Shading Mode"},"sceneLighting":false,"audioPlay":false,"sceneViewState":{"showFog":false,"showMaterialUpdate":false,"showSkybox":false,"showFlares":false,"showImageEffects":false,"showParticleSystems":false},"in2DMode":false,"pivot":{"x":560.929931640625,"y":206.72000122070313,"z":0.0},"rotation":{"x":-0.027296463027596475,"y":0.027584703639149667,"z":-0.0007559572113677859,"w":-0.9992668628692627},"size":2022.925048828125,"orthographic":false}